<?xml version="1.0" encoding="UTF-8"?>
<project-private xmlns="http://www.netbeans.org/ns/project-private/1">
    <editor-bookmarks xmlns="http://www.netbeans.org/ns/editor-bookmarks/2" lastBookmarkId="0"/>
    <open-files xmlns="http://www.netbeans.org/ns/projectui-open-files/2">
        <group>
            <file>file:/C:/Users/Nirvan/Documents/NetBeansProjects/DesignForms/src/model/Box.java</file>
            <file>file:/C:/Users/Nirvan/Documents/NetBeansProjects/DesignForms/src/ViewForm.java</file>
            <file>file:/C:/Users/Nirvan/Documents/NetBeansProjects/DesignForms/src/NewMain.java</file>
            <file>file:/C:/Users/Nirvan/Documents/NetBeansProjects/DesignForms/src/BoxForm.java</file>
            <file>file:/C:/Users/Nirvan/Documents/NetBeansProjects/DesignForms/src/showMed.java</file>
            <file>file:/C:/Users/Nirvan/Documents/NetBeansProjects/DesignForms/src/RegisterForm.java</file>
            <file>file:/C:/Users/Nirvan/Documents/NetBeansProjects/DesignForms/src/dbConnection.java</file>
            <file>file:/C:/Users/Nirvan/Documents/NetBeansProjects/DesignForms/src/SerialCon.java</file>
            <file>file:/C:/Users/Nirvan/Documents/NetBeansProjects/DesignForms/src/StartApp.java</file>
            <file>file:/C:/Users/Nirvan/Documents/NetBeansProjects/DesignForms/src/LoginForm.java</file>
        </group>
    </open-files>
</project-private>
